title,price
TABL001 - TABLET 9013 ALCATEL/4G/2,"$110,66"
AUDÍFONO TCL TW10 S150 BLUETOOTH 5.0/1,"$48,56"
AUDÍFONO TCL S108 CON ESTUCHE DE CARGA/3,"$36,43"
ASPIRADORA ROBOT TCL/SWEEVA 2000M/1,"$301,82"
SUPRESOR D/PARED/MM105NXT38/3,"$27,54"
53HST03 - BARRA D/SONIDO TCL/S522W/1,"$95,98"
BARRA DE SONIDO TCL TS9030/3,"$388,38"
BARRA D/SONIDO/THUNDER SOUND/SR223G/3,"$61,65"
MAQUIN P/HUM 0.75L AC110V/60HZ 400W T400/3,"$30,81"
MICROF/INAL Y RECEPT/MICR/50-100MT/W-988/2,"$41,46"
MICROFONO INAL/50-100MT/W-28/TS-014 2PC/1,"$22,53"
"""PARLANTE RCA15"""" AL1504/ROJ/USB/TF/5000/1","$101,15"
BOTELLA DE TINTA HP GT52 CYAN MOH54AL GT/2,"$10,58"
BOTELLA DE TINTA HP GT52 MAGENTA MOH55AL/1,"$10,58"
ADAPTADOR USB 3.1 GEN 1 TIPO C MACHO/HEM/2,"$6,56"
"DUPLICA CBL D/EXT USB MHTN,AM-AH,1.8M TR/1","$1,93"
CBL HDMI MHTN.M-M 1.8M NGR 306119/3,"$4,62"
CBL USB MHTN AM-MICRO BM 3.0 1M AZL 3254/2,"$7,25"
PCH CRD INTLNET CATSE UTP. 24AWG 2M GRS/1,"$2,76"
PILA ALKALINA MAX AAX8 32874/2,"$9,26"
BM32K MELODICA FREEDOM 32 TECLAS CELESTE/1,"$21,90"
DURACELL PILA AAA BLISTER X8 X12 X4 (DIS/3,"$8,61"
DURACELL PILA AAA BLISTER X4 X12 X4 (DIS/2,"$5,28"
DURACELL PILA AA BLISTER X4 X12 X4 (DISP/1,"$5,28"
DURACELL PILA AA BLISTER X8 X12 X4 (DISP/3,"$8,61"
PILA ENERGIZER MAX AAAX8/2,"$8,97"
PILA ENERGIZER RELOJ 2032X2/3,"$2,38"
DURACELL PILA AAA BLISTER X4 (+2) X12 X4/2,"$6,76"
DURACELL PILA AA BLISTER X4 (+2) X12 X4/1,"$6,76"
CONVERTIDOR GIGABIT USB 3.0 A RJ45 FAST-/3,"$27,61"
CABLE USB MHTN AM-MICRO BM 1M. BLANCO 32/3,"$2,38"
CABLE DE MONITOR SVGA MHTN M-M 1.8M NGR/2,"$5,51"
USB HUB MHTN.C/BOLSILLO.4P.PLA 160599/1,"$9,00"
CABLE USB 2.0 IMPRESORA BLINDADO 3M 3404/3,"$2,79"
CABLE DE AUDIO 334594 3.5MM 1.8M NEGRO/2,"$2,04"
CABLE HDM1 322539 BLINDADO 10M NEGRO/1,"$22,77"
CABLE HDMI 306126 M-M BLINDADO 3M NEGRO/3,"$7,18"
CABLE USB 2.0 307178 AM-MICRO BN 1.8M NE/2,"$2,55"
CABLE DE PODER 1.80M NEGRO 300179/1,"$5,11"
KIT DE LIMPIEZA LCD 421027 . SIN ALCOHOL/3,"$8,97"
MOUSE PAD MHTN. DESCANSA MUNECAS. GEL. N/2,"$7,59"
CABLE USB 2.0 TIPO C 2M.. NEGRO 354929/1,"$7,31"
CABLE USB 2.0 TIPO C 1M.. NEGRO 353298/3,"$5,87"
CABLE USB 2.0. AM - MICRO BM. 3M.. NEGRO/2,"$3,80"
CABLE USB 2.0. AM-MICRO BM. BLINDADO. 1M/1,"$1,79"
TARJETA D/AUDIO USB 2.0. 3.5MM. E/MICRO/3,"$12,77"
MEMORIA MICRO SD HIKVISION 8GB CLASE 10/2,"$3,76"
MEMORIA MICRO SD HIKVISION 64GB CLASE 10/1,"$5,98"
PEN DRIVE HIKVISION 64GB USB -M200-64GB/3,"$4,52"
TINTA PARA IMPRESORA CYAN EPSON 65ML T54/2,"$10,12"
PEN DRIVE HIKVISION 32GB USB/1,"$4,22"
BOTELLA DE TINTA HP GT52 YELLOW MOH56AL/3,"$10,58"
BOTELLA DE TINTA HP NEGRO GT53 1VV22AL P/2,"$10,58"
BOTELLA DE TINTA EPSON T504120 NEGRA 70M/1,"$11,49"
MEMORIA MICRO SD HIKVISION 16GB CLASE 10/3,"$4,14"
HUB USB XTECH 4PUERTOS 2.0 XTC-320/2,"$5,51"
MEMORIA C141 USB 2.0 32GB YELLOW/3,"$5,97"
MEMORIA FLASH SILVER 64GB V222W/2,"$7,08"
EPSON 664 CISS BOTTLES MAGENTA L200 400P/3,"$10,12"
ANTENA PREPAGO HD DIRECTV/2,"$66,63"
CALCULADORA CIENTIFICACASIOFX-570ESPLUS2/1,"$29,67"
CALCULADORA CASIO CIENTIFICA 417 FUN FX5/3,"$24,92"
CALCULADORA DE BOLSILLO 8 DIGITOS SL310U/2,"$8,60"
CALCULADORA DE BOLSILLO 8 DIGITOS SL310U/1,"$8,60"
CALCULADORA MINI ESCRITORIO MS7UCLB/3,"$8,63"
CALCULADORA D/ESCRITORIO 12 DIGITOS MS20/2,"$11,79"
CALCULADORA D/ESCRITORIO 12 DIGITOS MS20/1,"$11,79"
CALCULADORA D/ESCRITORIO 12 DIGITOS MS20/3,"$11,79"
CALCULADORA DE BOLSILLO LC-160LV-BK/2,"$3,97"
CALCULADORA CASIO 417 FUNCIONES/2,"$28,34"
CABLE DE AUDIO DE FIBRA OPTICA 5M/3,"$2,54"
CALCULADORA CASIO 252 FUN C/ROSADO/1,"$15,03"
SOPORTE D/MESA P/TABLET/PAD01-F01/3,"$23,61"
AUDIFONOS IPHONE/3,"$2,58"
CALCULADORA CASIO 252 FUNC/BLU/3,"$15,03"
AUDÍFONOS DE INSERCION TREQA EP-747/3,"$1,44"
CALCULADORA CASIO 252 FUN C/NEGRO/2,"$15,03"
CALCULADORA CIENTIFICA CASIO 20A ED FX-3/1,"$14,34"
DISPENSADOR DE AGUA TCL TYLWYR96T/2,"$212,81"
CALCULADORA CIENTIFICA CASIO 20A ED FX-8/3,"$13,93"
CALCULADORA DE BOLSILLO CASIO C/AZUL HL-/2,"$4,20"
DISPENSADOR DE AGUA TY-LWYR91T/1,"$184,08"
CALCULADORA CASIO MX-12B-PK/3,"$7,92"
DISPENSADOR DE AGUA TCL TYLYR15/2,"$139,71"
CALCULADORA CASIO MX-12B-GN/2,"$7,92"
DISPENSADOR DE AGUA TCL TYLWYR58B/1,"$147,42"
CALCULADORA CASIO MX-12B-LB/1,"$7,92"
BOCINA INTELIGENTE/OWL/B09B9CD1YB/3,"$58,83"
CALCULADORA CASIO -12B-BK/3,"$8,03"
CALCULADORA CASIO MX-8B 8DIG/2,"$6,83"
CALCULADORA CASIO HL-4A 8DIG/1,"$3,07"
DISPOSITIVO D/STREAMING/B08C1W5N87/2,"$54,08"
CALCULADORA CASIO HL-815L-WE/3,"$4,20"
CALCULADORA CASIO HL-820LV 8DIG/2,"$4,43"
CALCULADORA 12 DIG TECLAS TAX J-120B/1,"$15,12"
CALCULADORA 12 DIG MJ-120DPLUS-BK/3,"$15,30"
CALCULADORA CASIO LC -160LV -WE/2,"$3,97"
JUEGO CUERDA XL HRS JGO LA BELLA ELECTR/1,"$9,86"
JUEGO NYLON CRITERION GUITARRA C800/3,"$8,74"
BOCINA INTELIGENTE/NEGRO/B09B8V1LZ3/1,"$64,88"
UL H R S CUERDA P/GUITARRA ELECTRICA LA/2,"$9,86"
BOCINA INTELIGEN/FIRE DRAGON/B09B96PMLY/3,"$60,56"
JUEGO CRITERION/VERDE GUT/CLAS 750/1,"$8,97"
CRITERION ACUSTICO LA BELLA C500S/3,"$11,44"
PILAS ALCALINA ENERGIZER X16 AAA/2,"$11,70"
PILAS ALCALINA ENERGIZER MAX 16 X AA/1,"$11,70"
PILA ENERGIZER RELOJ 2025 X2/3,"$2,38"
PILA RELOJ 2016 X2 ENERGIZER/2,"$2,38"
PILA ENERGIZER RELOJ 357 X3/1,"$2,96"
MINI TECLADO WIRELES RETROILUMINADO P/SM/1,"$5,03"
LINTERNA MANOS LIBRES MODO D 1LIHDD32I/3,"$28,91"
PILA AUDITIVA AZ675DPA/2,"$4,73"
CARGADOR DIGITAL PRO ENERGIZER/1,"$19,93"
LINTERNA EVERADY 2AA CP ECONOLED 948882/3,"$4,98"
MOUSE SLIHAUETTE. USB 3 BOTONES 1000PPP/2,"$6,47"
PILA LITHIO FOTO 12VX2 110091/2,"$3,97"
LINTERNA METALICA DE MANO ENERGIZER 9273/1,"$10,97"
PILA DURACELL D #2/3,"$6,20"
PILA DURACELL BATERIA 9V/2,"$4,59"
PILA DURACELL C #2/1,"$5,05"
PILA DURACELL AAA TARJETA X 2UND/3,"$2,86"
PILA DURACELL AA TARJETA X 2UND/2,"$2,86"
CARGADOR UNIVERSAL ENERGIZER 1RECHFC/1,"$29,38"
LINTERNA MANOS LIBRES UNIVERSAL 1LIHD3A4/3,"$18,15"
LINTERNA ONE LED+PILA 1D 921147/2,"$7,18"
LINTERNA PUSH ON LITE 3AAA 919045/1,"$6,49"
RECARGABLE AA X2 1RENH15BP-2/3,"$9,12"
LINTERNA ENERGIZER CUERPO DE GOMA CON LE/2,"$13,75"
"PILA ENERGIZER ""AAA"" X TAJ 4/1","$4,78"
PACK PILAS ENERGIZER AA MAX 4 + 2/3,"$4,84"
CAMARA WEB/KL-006C/WC-480P/2,"$8,03"
CONTROL REMOTO RCR504BR/E/1,"$3,89"
ANTENA RCA/HDTV /ANT310E/3,"$20,61"
ANTENA RCA/HDTV W/12 /ANT121E/2,"$14,89"
AUDIFONOS RCA P/GAMING/GH95/3,"$11,90"
TECLADO RCA USB MULTIMEDIA/GAMING/MK5/2,"$9,06"
MOUSE RCA P/GAMING/X103/3,"$3,38"
RELOJ INTELIGENTE/SM1/2,"$26,12"
AUDIFONOS RCATWS56NEGRO/1,"$18,39"
AUDIFONOS RCATWS29BLANCO/3,"$13,50"
SOPORTE P/CELULAR C/CARGAD INAL/RCA/WX62/2,"$13,25"
CARGADOR INALAMBRICO RCA/WX26/1,"$6,11"
CARGADOR INALAMBRICO RCA/WX25/3,"$3,99"
PARLANTE HP DHE-6000/1,"$12,28"
CABLE CAT5E/3FT/TPH529BR/AZUL/3,"$2,10"
CABLE OPTICO RCA/12FT/DV12R/2,"$4,57"
"ADAPTADOR JACK RCA/3.5MM/PLUG 1/4""/AH203/1","$0,86"
"CABLE STEREO 1/4"" PLUG 3.5MM JACK AH216R/3","$1,00"
CABLE HDMI/USB/ETHERNET/ VH6HHR/1,"$5,06"
CABLE EXTENSION RCA/6FT/AH1UR/2,"$4,23"
SPLITTER 3 ENTRADAS VH48R/1,"$1,74"
SPLITTER 2 ENTRADAS VH47R/3,"$1,31"
TELEVISOR 85P745 CBU/3,"$1.885,68"
MOUSE PAD ERGONOMICO CON DESCANSA MUNECA/3,"$7,59"
TECLADO NUMERICO USB 2.0 NEGRO/2,"$10,49"
PARLANTE RCA 15 AL1504USBTF50000W/1,"$101,15"
"PARLANTE RCA/6"" AL06128/USB/TF/45000W/2","$113,59"
TP-LINK RANGE EXTENDER N 300 MBPS 2 ANT/2,"$23,98"
PARLANTE BLUETOOTH RCA/K332/3,"$34,62"
PARLANTE BLUETOOTH RCA/K330/2,"$18,70"
VOLANTE LOGITECH G29 DRIVING FORCE PLAYS/1,"$352,67"
TELEVISOR RCA 55 UDG55NR672LN/1,"$497,97"
PARLANTE BLUETOOTH KS2026/3,"$14,08"
BARRA D/SONIDO RCA/SR190GB-32-70/2,"$87,06"
BARRA DE SONIDO RCABSD700210W80CM/1,"$40,89"
PARLANTE BLUETOOTH RCAB341/3,"$86,25"
MOUSE TARGUS/BLUE TRAC/AMU75US-83BL/84BL/1,"$7,80"
PARLANTE/BLUETOOTH/RCA/B348/DISCO/2,"$74,81"
MOUSE TARGUS/P/PORTATIL/AMU80US/85BL/1,"$7,76"
"BOLSO P/LAPTOP TARGUS 14""/TBS93004GL-71/2","$24,12"
"VENTILADOR P/LAPTOP TAR 17""AWE55US-74BJL/2","$30,08"
MOUSE INALAMB TARGUS/W575/AMW575TT-71/73/2,"$18,89"
"LAPTOP TK-E140J/14""/J4115/1","$456,53"
"LAPTOP TK-E140/14""/N3350/1","$320,37"
AUDIFONOS RCA/TWS128/NEGRO/1,"$15,69"
